{
  "train_loss": [
    4.911681015592128,
    4.512420917355511,
    4.205553382765258,
    3.9995202313691074,
    3.9079841311147985,
    3.81858665904971,
    3.7177971998850503,
    3.5897370117026473,
    3.446771097669088,
    3.4145258069906,
    3.311100740446621,
    3.222268130060887,
    3.1504047914710456,
    3.1017257913925413,
    3.1161990832033117,
    3.031722102623319,
    2.896970871754609,
    2.9120883431497098,
    2.7925692168559224,
    2.8617751804848774,
    2.774416903047409,
    2.7055197562019204,
    2.61581405958234,
    2.6365004968782007,
    2.5386592528011427,
    2.5124694620851518,
    2.4550675432234352,
    2.486599798372566,
    2.426609318502779,
    2.418709995791728,
    2.336639926770195,
    2.301598660289981,
    2.2326515412400036,
    2.1750808911726116,
    2.1643417488886625,
    2.1034748142983717,
    2.116908342383661,
    2.084513702029918,
    1.9548907223139962,
    2.0167292647139647,
    1.9430605469832773,
    1.9369471510424885,
    1.9335523897990736,
    1.829193739478071,
    1.868085444190443,
    1.8652050826573823,
    1.7467298668414746,
    1.7751440203042357,
    1.7236132272769964,
    1.7145712707609242,
    1.6577048950125037,
    1.6803989969790416,
    1.6786404156398564,
    1.5695625113694776,
    1.5969176988294986,
    1.5731766621705574,
    1.6039521724603842,
    1.493358347163667,
    1.593576759175876,
    1.530371986264485,
    1.4592196746977395,
    1.480649072042459,
    1.4137320791139352,
    1.4142765879056252,
    1.417703983844346,
    1.422160331197788,
    1.4365256452035522,
    1.4414152701682204,
    1.3240519482899984,
    1.3879652811143834,
    1.3589843777354043,
    1.3857875170004508,
    1.3310835327888029,
    1.2734144417476858,
    1.2874754409826317,
    1.3011843998417574,
    1.3044243207651434,
    1.3329473846277502,
    1.2481777932409475,
    1.2362137122874133,
    1.2482542784957777,
    1.315098331066518,
    1.3074452776042949,
    1.234904605573317,
    1.2681055547875586,
    1.2656478688047637,
    1.269305291176222,
    1.2662693513631875,
    1.2965368663077412,
    1.278104822700396
  ],
  "train_acc": [
    0.047341248180494906,
    0.09579694323144104,
    0.14683406113537117,
    0.1787322598253275,
    0.19915620451237265,
    0.22001228165938866,
    0.24222161572052403,
    0.2690934315866084,
    0.29914938136826785,
    0.3076896834061135,
    0.329466885007278,
    0.34361353711790393,
    0.36317321688500726,
    0.3775586790393013,
    0.3793895560407569,
    0.3962995815138282,
    0.42132914847161573,
    0.42272789301310043,
    0.4445505822416303,
    0.4395810589519651,
    0.4558428857350801,
    0.4717408114992722,
    0.48799126637554585,
    0.4905613173216885,
    0.5080399381368268,
    0.5191957787481805,
    0.5242221615720524,
    0.5252342612809315,
    0.5431222707423581,
    0.5502638282387191,
    0.5703921033478894,
    0.5738491630276564,
    0.5941366448326055,
    0.6036208151382824,
    0.6093636280931587,
    0.6222934861717613,
    0.6239765283842795,
    0.634052037845706,
    0.6597411754002911,
    0.6542144286754003,
    0.6682701055312955,
    0.6825759643377002,
    0.6791075327510917,
    0.7038755458515283,
    0.7029657933042213,
    0.6977119723435226,
    0.7235716885007278,
    0.7295078238719068,
    0.7291666666666666,
    0.7418008551673945,
    0.7496815866084425,
    0.7574940866084425,
    0.7616789483260553,
    0.7790097343522562,
    0.7673194141193596,
    0.7829216703056768,
    0.7789756186317321,
    0.8008892831149927,
    0.783194596069869,
    0.7959311317321689,
    0.8088268740902474,
    0.8102483624454149,
    0.8191525655021834,
    0.8271697598253275,
    0.823530749636099,
    0.8242130640465793,
    0.8267376273653566,
    0.8302742903930131,
    0.83848480713246,
    0.8329466885007278,
    0.8321961426491994,
    0.8402474526928675,
    0.848946961426492,
    0.854143922852984,
    0.85139192139738,
    0.846968249636099,
    0.8447848435225619,
    0.8487195232896652,
    0.857362172489083,
    0.8551105349344978,
    0.85954557860262,
    0.8503002183406113,
    0.8526200873362445,
    0.8612399927219796,
    0.8547580058224163,
    0.8461608442503639,
    0.8646856804949054,
    0.854246270014556,
    0.8460357532751092,
    0.8454785298398836
  ],
  "val_loss": [
    4.305449396306818,
    3.712739200938832,
    3.467887879631736,
    3.1855103338414974,
    3.1422045223929667,
    3.058129136865789,
    2.84784610488198,
    2.7160908716375176,
    2.650625553304499,
    2.506604806206443,
    2.4247365946336226,
    2.326786896272139,
    2.277715777310458,
    2.323866732337258,
    2.1943095999631015,
    2.182133975982666,
    2.1301493023092095,
    2.0295636405077846,
    2.0377281270460648,
    2.010309003483165,
    1.9515290452783758,
    1.932041816884821,
    1.9130192167975686,
    1.897177062034607,
    1.8499465865221891,
    1.85803650301153,
    1.7805355652028865,
    1.8035172243985262,
    1.794235370722684,
    1.8166996883045543,
    1.7573583680066196,
    1.7284358609806407,
    1.8018093926689842,
    1.731786350076849,
    1.7158350765921853,
    1.7506245895732533,
    1.7319899210496383,
    1.767020862752741,
    1.7026998156634243,
    1.7490700961026278,
    1.726284477147189,
    1.720767819924788,
    1.75047400301153,
    1.7416721141121605,
    1.6974549554478038,
    1.7148224248886108,
    1.7269685300480235,
    1.736828354141929,
    1.7818483939604326,
    1.707317642211914,
    1.7010968115546488,
    1.7256892376813022,
    1.729926136190241,
    1.7301173898523503,
    1.6933594838055697,
    1.727795532660051,
    1.6861737772334706,
    1.7364324682409114,
    1.715285255692222,
    1.690589700872248,
    1.7038968877792358,
    1.7083850987174294,
    1.6953460161035712,
    1.6975616698698563,
    1.7002867604168979,
    1.6900545457493175,
    1.687901169603521,
    1.6784372999884865,
    1.6520095096067948,
    1.672194330215454,
    1.6379794380014594,
    1.6466041074232622,
    1.6717406990744852,
    1.6346910146366467,
    1.6438013061176646,
    1.6499115947376597,
    1.6547613513252952,
    1.6395561336170543,
    1.6680558446537364,
    1.648489254431291,
    1.6461431614268909,
    1.6633619168888438,
    1.6502372361963447,
    1.6709205408096313,
    1.6434119494178079,
    1.649568151473999,
    1.6609836589639837,
    1.6431685049750588,
    1.6230944512107155,
    1.6300312522541394
  ],